"		瘤痢锅龋",瘤痢疙,老矫,乞闭嚼档(%rh),弥历嚼档(%rh)
"		156",堡林,2019-01-01,65.3,46
"		156",堡林,2019-01-02,62.4,48
"		156",堡林,2019-01-03,53,22
"		156",堡林,2019-01-04,56.4,32
"		156",堡林,2019-01-05,54.4,19
"		156",堡林,2019-01-06,44.3,22
"		156",堡林,2019-01-07,64.1,43
"		156",堡林,2019-01-08,60.6,31
"		156",堡林,2019-01-09,33.1,16
"		156",堡林,2019-01-10,57,32
"		156",堡林,2019-01-11,61,39
"		156",堡林,2019-01-12,77.6,41
"		156",堡林,2019-01-13,66.1,37
"		156",堡林,2019-01-14,71.8,38
"		156",堡林,2019-01-15,70.8,47
"		156",堡林,2019-01-16,50.9,22
"		156",堡林,2019-01-17,64.4,37
"		156",堡林,2019-01-18,70.5,44
"		156",堡林,2019-01-19,71.3,11
"		156",堡林,2019-01-20,64.1,41
"		156",堡林,2019-01-21,59.5,38
"		156",堡林,2019-01-22,64.4,24
"		156",堡林,2019-01-23,62.1,28
"		156",堡林,2019-01-24,36.5,7
"		156",堡林,2019-01-25,55.1,46
"		156",堡林,2019-01-26,46.4,23
"		156",堡林,2019-01-27,61,31
"		156",堡林,2019-01-28,56.6,17
"		156",堡林,2019-01-29,42.3,12
"		156",堡林,2019-01-30,46,18
"		156",堡林,2019-01-31,81.9,66
"		156",堡林,2019-02-01,67.9,45
"		156",堡林,2019-02-02,71.8,45
"		156",堡林,2019-02-03,97.5,83
"		156",堡林,2019-02-04,37.5,19
"		156",堡林,2019-02-05,45.5,25
"		156",堡林,2019-02-06,61.9,40
"		156",堡林,2019-02-07,59.1,30
"		156",堡林,2019-02-08,35,15
"		156",堡林,2019-02-09,47.4,36
"		156",堡林,2019-02-10,35.5,17
"		156",堡林,2019-02-11,51.4,35
"		156",堡林,2019-02-12,55.5,34
"		156",堡林,2019-02-13,45.6,25
"		156",堡林,2019-02-14,36.1,8
"		156",堡林,2019-02-15,56.8,31
"		156",堡林,2019-02-16,59.8,45
"		156",堡林,2019-02-17,48.4,21
"		156",堡林,2019-02-18,50.6,24
"		156",堡林,2019-02-19,95.6,84
"		156",堡林,2019-02-20,73,47
"		156",堡林,2019-02-21,62.8,30
"		156",堡林,2019-02-22,60.6,32
"		156",堡林,2019-02-23,55.8,21
"		156",堡林,2019-02-24,61,28
"		156",堡林,2019-02-25,56.8,20
"		156",堡林,2019-02-26,44,11
"		156",堡林,2019-02-27,73.6,53
"		156",堡林,2019-02-28,58.9,29
"		156",堡林,2019-03-01,56.3,20
"		156",堡林,2019-03-02,52,36
"		156",堡林,2019-03-03,54.9,37
"		156",堡林,2019-03-04,55.4,33
"		156",堡林,2019-03-05,60.6,35
"		156",堡林,2019-03-06,61.8,36
"		156",堡林,2019-03-07,71.5,42
"		156",堡林,2019-03-08,58.1,9
"		156",堡林,2019-03-09,58.4,26
"		156",堡林,2019-03-10,92.9,69
"		156",堡林,2019-03-11,91.3,64
"		156",堡林,2019-03-12,75.5,54
"		156",堡林,2019-03-13,41.3,11
"		156",堡林,2019-03-14,50,20
"		156",堡林,2019-03-15,70.3,40
"		156",堡林,2019-03-16,61.5,31
"		156",堡林,2019-03-17,49.4,20
"		156",堡林,2019-03-18,46.1,27
"		156",堡林,2019-03-19,61.6,35
"		156",堡林,2019-03-20,80.4,36
"		156",堡林,2019-03-21,86.9,65
"		156",堡林,2019-03-22,55.8,32
"		156",堡林,2019-03-23,51,30
"		156",堡林,2019-03-24,49.1,28
"		156",堡林,2019-03-25,64.4,38
"		156",堡林,2019-03-26,59,12
"		156",堡林,2019-03-27,62.1,29
"		156",堡林,2019-03-28,56.6,16
"		156",堡林,2019-03-29,43.3,16
"		156",堡林,2019-03-30,66.6,48
"		156",堡林,2019-03-31,38.5,22
"		156",堡林,2019-04-01,49.8,20
"		156",堡林,2019-04-02,41.1,16
"		156",堡林,2019-04-03,43.5,19
"		156",堡林,2019-04-04,47.6,19
"		156",堡林,2019-04-05,54.3,22
"		156",堡林,2019-04-06,43.8,15
"		156",堡林,2019-04-07,95.3,71
"		156",堡林,2019-04-08,54.3,13
"		156",堡林,2019-04-09,71.8,31
"		156",堡林,2019-04-10,92.8,82
"		156",堡林,2019-04-11,68.4,33
"		156",堡林,2019-04-12,53.3,17
"		156",堡林,2019-04-13,45.1,20
"		156",堡林,2019-04-14,68.6,47
"		156",堡林,2019-04-15,42.8,15
"		156",堡林,2019-04-16,35,10
"		156",堡林,2019-04-17,61.3,33
"		156",堡林,2019-04-18,67.6,35
"		156",堡林,2019-04-19,78.4,59
"		156",堡林,2019-04-20,67.5,43
"		156",堡林,2019-04-21,69.6,44
"		156",堡林,2019-04-22,63.8,43
"		156",堡林,2019-04-23,82.5,57
"		156",堡林,2019-04-24,92.6,83
"		156",堡林,2019-04-25,96.4,78
"		156",堡林,2019-04-26,90.9,78
"		156",堡林,2019-04-27,69,27
"		156",堡林,2019-04-28,64,29
"		156",堡林,2019-04-29,90.4,57
"		156",堡林,2019-04-30,92.4,70
"		156",堡林,2019-05-01,75.5,45
"		156",堡林,2019-05-02,56,22
"		156",堡林,2019-05-03,45.8,11
"		156",堡林,2019-05-04,43.9,15
"		156",堡林,2019-05-05,46.3,17
"		156",堡林,2019-05-06,49.4,26
"		156",堡林,2019-05-07,36.3,12
"		156",堡林,2019-05-08,36.9,14
"		156",堡林,2019-05-09,32.3,16
"		156",堡林,2019-05-10,34.9,14
"		156",堡林,2019-05-11,41.3,27
"		156",堡林,2019-05-12,44.5,20
"		156",堡林,2019-05-13,51.9,28
"		156",堡林,2019-05-14,64.8,38
"		156",堡林,2019-05-15,60.4,31
"		156",堡林,2019-05-16,51,23
"		156",堡林,2019-05-17,67.8,36
"		156",堡林,2019-05-18,89.4,81
"		156",堡林,2019-05-19,87,73
"		156",堡林,2019-05-20,64.4,32
"		156",堡林,2019-05-21,55,24
"		156",堡林,2019-05-22,53.6,17
"		156",堡林,2019-05-23,62.4,17
"		156",堡林,2019-05-24,57,34
"		156",堡林,2019-05-25,61.5,31
"		156",堡林,2019-05-26,64.1,16
"		156",堡林,2019-05-27,98,87
"		156",堡林,2019-05-28,59.1,29
"		156",堡林,2019-05-29,63,34
"		156",堡林,2019-05-30,57.9,26
"		156",堡林,2019-05-31,76.4,46
"		156",堡林,2019-06-01,68,35
"		156",堡林,2019-06-02,57.6,29
"		156",堡林,2019-06-03,52.1,28
"		156",堡林,2019-06-04,59,33
"		156",堡林,2019-06-05,65.9,37
"		156",堡林,2019-06-06,85.3,62
"		156",堡林,2019-06-07,97.3,87
"		156",堡林,2019-06-08,85.9,62
"		156",堡林,2019-06-09,79.5,44
"		156",堡林,2019-06-10,86.4,68
"		156",堡林,2019-06-11,89.3,64
"		156",堡林,2019-06-12,80,40
"		156",堡林,2019-06-13,74.9,44
"		156",堡林,2019-06-14,85.3,60
"		156",堡林,2019-06-15,78.3,55
"		156",堡林,2019-06-16,78.9,54
"		156",堡林,2019-06-17,74.6,47
"		156",堡林,2019-06-18,75.5,58
"		156",堡林,2019-06-19,76.8,53
"		156",堡林,2019-06-20,75.1,50
"		156",堡林,2019-06-21,75,50
"		156",堡林,2019-06-22,84.4,55
"		156",堡林,2019-06-23,80,39
"		156",堡林,2019-06-24,74.8,46
"		156",堡林,2019-06-25,70.4,45
"		156",堡林,2019-06-26,93.9,70
"		156",堡林,2019-06-27,88,63
"		156",堡林,2019-06-28,81.3,56
"		156",堡林,2019-06-29,97.9,87
"		156",堡林,2019-06-30,88.5,66
"		156",堡林,2019-07-01,96.1,82
"		156",堡林,2019-07-02,78,47
"		156",堡林,2019-07-03,79.3,50
"		156",堡林,2019-07-04,75,39
"		156",堡林,2019-07-05,67.3,35
"		156",堡林,2019-07-06,64.6,31
"		156",堡林,2019-07-07,72.6,46
"		156",堡林,2019-07-08,75.6,45
"		156",堡林,2019-07-09,76.3,52
"		156",堡林,2019-07-10,92.8,72
"		156",堡林,2019-07-11,80.4,70
"		156",堡林,2019-07-12,73.9,46
"		156",堡林,2019-07-13,82.8,56
"		156",堡林,2019-07-14,80.4,53
"		156",堡林,2019-07-15,80.9,61
"		156",堡林,2019-07-16,83.9,56
"		156",堡林,2019-07-17,77.4,50
"		156",堡林,2019-07-18,92.8,79
"		156",堡林,2019-07-19,93.9,82
"		156",堡林,2019-07-20,96.6,90
"		156",堡林,2019-07-21,96.9,88
"		156",堡林,2019-07-22,90.9,66
"		156",堡林,2019-07-23,84.4,65
"		156",堡林,2019-07-24,89.5,81
"		156",堡林,2019-07-25,92.5,81
"		156",堡林,2019-07-26,90.8,76
"		156",堡林,2019-07-27,97.5,94
"		156",堡林,2019-07-28,93.3,82
"		156",堡林,2019-07-29,80.6,55
"		156",堡林,2019-07-30,85.1,66
"		156",堡林,2019-07-31,83,64
"		156",堡林,2019-08-01,80.3,47
"		156",堡林,2019-08-02,78.4,54
"		156",堡林,2019-08-03,75.6,50
"		156",堡林,2019-08-04,74.8,48
"		156",堡林,2019-08-05,78.5,54
"		156",堡林,2019-08-06,75.1,56
"		156",堡林,2019-08-07,80,55
"		156",堡林,2019-08-08,82.4,61
"		156",堡林,2019-08-09,76.9,53
"		156",堡林,2019-08-10,64.5,47
"		156",堡林,2019-08-11,77.6,59
"		156",堡林,2019-08-12,91,79
"		156",堡林,2019-08-13,80,58
"		156",堡林,2019-08-14,77.5,55
"		156",堡林,2019-08-15,84,68
"		156",堡林,2019-08-16,86.9,68
"		156",堡林,2019-08-17,83.4,57
"		156",堡林,2019-08-18,71.1,37
"		156",堡林,2019-08-19,68.3,41
"		156",堡林,2019-08-20,74.9,55
"		156",堡林,2019-08-21,89.1,71
"		156",堡林,2019-08-22,85,57
"		156",堡林,2019-08-23,79.8,49
"		156",堡林,2019-08-24,80.8,51
"		156",堡林,2019-08-25,84.4,58
"		156",堡林,2019-08-26,72.3,45
"		156",堡林,2019-08-27,96.9,73
"		156",堡林,2019-08-28,91.8,71
"		156",堡林,2019-08-29,92.8,86
"		156",堡林,2019-08-30,78.1,51
"		156",堡林,2019-08-31,79,50
"		156",堡林,2019-09-01,88.3,64
"		156",堡林,2019-09-02,94.3,83
"		156",堡林,2019-09-03,98.1,93
"		156",堡林,2019-09-04,95.5,86
"		156",堡林,2019-09-05,91.1,67
"		156",堡林,2019-09-06,90.6,69
"		156",堡林,2019-09-07,95.1,84
"		156",堡林,2019-09-08,94.4,77
"		156",堡林,2019-09-09,97.1,86
"		156",堡林,2019-09-10,82.3,62
"		156",堡林,2019-09-11,86.3,63
"		156",堡林,2019-09-12,92.5,84
"		156",堡林,2019-09-13,74.8,49
"		156",堡林,2019-09-14,80.9,57
"		156",堡林,2019-09-15,83.8,55
"		156",堡林,2019-09-16,77.6,51
"		156",堡林,2019-09-17,56.9,25
"		156",堡林,2019-09-18,60.5,30
"		156",堡林,2019-09-19,57.1,38
"		156",堡林,2019-09-20,68,46
"		156",堡林,2019-09-21,92.1,69
"		156",堡林,2019-09-22,85.5,65
"		156",堡林,2019-09-23,73.5,44
"		156",堡林,2019-09-24,73.8,43
"		156",堡林,2019-09-25,71.4,30
"		156",堡林,2019-09-26,76.6,55
"		156",堡林,2019-09-27,80.5,56
"		156",堡林,2019-09-28,87.8,63
"		156",堡林,2019-09-29,78.8,54
"		156",堡林,2019-09-30,83.3,65
"		156",堡林,2019-10-01,98.3,87
"		156",堡林,2019-10-02,98.5,96
"		156",堡林,2019-10-03,89.4,63
"		156",堡林,2019-10-04,86.9,62
"		156",堡林,2019-10-05,87.1,69
"		156",堡林,2019-10-06,75.9,56
"		156",堡林,2019-10-07,93.1,72
"		156",堡林,2019-10-08,70.8,48
"		156",堡林,2019-10-09,52.9,26
"		156",堡林,2019-10-10,60,22
"		156",堡林,2019-10-11,63.1,32
"		156",堡林,2019-10-12,54,30
"		156",堡林,2019-10-13,54.5,29
"		156",堡林,2019-10-14,72.1,51
"		156",堡林,2019-10-15,68.6,49
"		156",堡林,2019-10-16,75,44
"		156",堡林,2019-10-17,75.4,53
"		156",堡林,2019-10-18,75.4,59
"		156",堡林,2019-10-19,82.3,46
"		156",堡林,2019-10-20,75.4,39
"		156",堡林,2019-10-21,67.1,29
"		156",堡林,2019-10-22,69.3,46
"		156",堡林,2019-10-23,74.9,61
"		156",堡林,2019-10-24,72.1,47
"		156",堡林,2019-10-25,75.6,44
"		156",堡林,2019-10-26,62.5,48
"		156",堡林,2019-10-27,65.4,37
"		156",堡林,2019-10-28,69.9,41
"		156",堡林,2019-10-29,66.6,35
"		156",堡林,2019-10-30,69.5,37
"		156",堡林,2019-10-31,74.9,46
"		156",堡林,2019-11-01,71.1,40
"		156",堡林,2019-11-02,71.6,45
"		156",堡林,2019-11-03,69.6,26
"		156",堡林,2019-11-04,73.1,39
"		156",堡林,2019-11-05,78.3,41
"		156",堡林,2019-11-06,72.6,33
"		156",堡林,2019-11-07,72.5,47
"		156",堡林,2019-11-08,49.4,19
"		156",堡林,2019-11-09,51.1,19
"		156",堡林,2019-11-10,76.9,47
"		156",堡林,2019-11-11,79.8,48
"		156",堡林,2019-11-12,67.4,32
"		156",堡林,2019-11-13,80.6,60
"		156",堡林,2019-11-14,52.3,27
"		156",堡林,2019-11-15,66.8,48
"		156",堡林,2019-11-16,79.5,50
"		156",堡林,2019-11-17,86.3,69
"		156",堡林,2019-11-18,71,48
"		156",堡林,2019-11-19,62.5,46
"		156",堡林,2019-11-20,53.8,24
"		156",堡林,2019-11-21,42.5,14
"		156",堡林,2019-11-22,58.3,44
"		156",堡林,2019-11-23,68.6,44
"		156",堡林,2019-11-24,76.4,56
"		156",堡林,2019-11-25,59.8,49
"		156",堡林,2019-11-26,69.9,50
"		156",堡林,2019-11-27,63,42
"		156",堡林,2019-11-28,60.4,38
"		156",堡林,2019-11-29,46.9,8
"		156",堡林,2019-11-30,51,32
"		156",堡林,2019-12-01,86.3,53
"		156",堡林,2019-12-02,67.3,49
"		156",堡林,2019-12-03,69.8,49
"		156",堡林,2019-12-04,65.9,34
"		156",堡林,2019-12-05,56.6,25
"		156",堡林,2019-12-06,37.3,14
"		156",堡林,2019-12-07,47.8,36
"		156",堡林,2019-12-08,63.6,39
"		156",堡林,2019-12-09,72.9,46
"		156",堡林,2019-12-10,77.8,50
"		156",堡林,2019-12-11,74.9,51
"		156",堡林,2019-12-12,49.1,26
"		156",堡林,2019-12-13,45,6
"		156",堡林,2019-12-14,52.6,23
"		156",堡林,2019-12-15,55.5,42
"		156",堡林,2019-12-16,65.3,46
"		156",堡林,2019-12-17,88,75
"		156",堡林,2019-12-18,66.4,50
"		156",堡林,2019-12-19,50.8,22
"		156",堡林,2019-12-20,67,50
"		156",堡林,2019-12-21,63.1,44
"		156",堡林,2019-12-22,60.6,39
"		156",堡林,2019-12-23,70.1,47
"		156",堡林,2019-12-24,52.8,18
"		156",堡林,2019-12-25,45.1,10
"		156",堡林,2019-12-26,61.8,34
"		156",堡林,2019-12-27,53.1,38
"		156",堡林,2019-12-28,48.6,30
"		156",堡林,2019-12-29,78.8,46
"		156",堡林,2019-12-30,82.9,55
"		156",堡林,2019-12-31,46.1,30
"		156",堡林,2020-01-01,58,46
"		156",堡林,2020-01-02,69,42
"		156",堡林,2020-01-03,71.5,46
"		156",堡林,2020-01-04,73.1,46
"		156",堡林,2020-01-05,54.1,16
"		156",堡林,2020-01-06,82.4,42
"		156",堡林,2020-01-07,97.6,93
"		156",堡林,2020-01-08,83.9,67
"		156",堡林,2020-01-09,66.1,51
"		156",堡林,2020-01-10,61.5,31
"		156",堡林,2020-01-11,59.6,44
"		156",堡林,2020-01-12,62.1,50
"		156",堡林,2020-01-13,59,43
"		156",堡林,2020-01-14,54.1,37
"		156",堡林,2020-01-15,61.8,42
"		156",堡林,2020-01-16,44.6,23
"		156",堡林,2020-01-17,39.1,13
"		156",堡林,2020-01-18,56.5,22
"		156",堡林,2020-01-19,75.6,59
"		156",堡林,2020-01-20,63.1,39
"		156",堡林,2020-01-21,38.8,13
"		156",堡林,2020-01-22,82.5,39
"		156",堡林,2020-01-23,85.1,58
"		156",堡林,2020-01-24,57.8,32
"		156",堡林,2020-01-25,71.5,58
"		156",堡林,2020-01-26,68.1,49
"		156",堡林,2020-01-27,94.5,56
"		156",堡林,2020-01-28,81.9,50
"		156",堡林,2020-01-29,84.9,73
"		156",堡林,2020-01-30,73.1,45
"		156",堡林,2020-01-31,68.5,41
"		156",堡林,2020-02-01,74.3,51
"		156",堡林,2020-02-02,66.1,38
"		156",堡林,2020-02-03,65.8,39
"		156",堡林,2020-02-04,49.4,18
"		156",堡林,2020-02-05,44.5,19
"		156",堡林,2020-02-06,32.6,10
"		156",堡林,2020-02-07,43.1,17
"		156",堡林,2020-02-08,52.4,30
"		156",堡林,2020-02-09,53,33
"		156",堡林,2020-02-10,56.8,23
"		156",堡林,2020-02-11,53.9,29
"		156",堡林,2020-02-12,96.5,62
"		156",堡林,2020-02-13,91.5,69
"		156",堡林,2020-02-14,60.6,12
"		156",堡林,2020-02-15,74.9,28
"		156",堡林,2020-02-16,88.8,62
"		156",堡林,2020-02-17,85.5,61
"		156",堡林,2020-02-18,60.4,35
"		156",堡林,2020-02-19,66.9,40
"		156",堡林,2020-02-20,62.6,16
"		156",堡林,2020-02-21,69.8,33
"		156",堡林,2020-02-22,62.4,32
"		156",堡林,2020-02-23,52.5,30
"		156",堡林,2020-02-24,65.8,31
"		156",堡林,2020-02-25,97,83
"		156",堡林,2020-02-26,83.4,57
"		156",堡林,2020-02-27,67.9,32
"		156",堡林,2020-02-28,80.6,60
"		156",堡林,2020-02-29,74.9,49
"		156",堡林,2020-03-01,82.5,62
"		156",堡林,2020-03-02,52.4,25
"		156",堡林,2020-03-03,65.3,43
"		156",堡林,2020-03-04,57.6,34
"		156",堡林,2020-03-05,46.8,24
"		156",堡林,2020-03-06,43.1,1
"		156",堡林,2020-03-07,87.4,49
"		156",堡林,2020-03-08,73,40
"		156",堡林,2020-03-09,84.3,55
"		156",堡林,2020-03-10,86.3,59
"		156",堡林,2020-03-11,43.6,22
"		156",堡林,2020-03-12,46.9,12
"		156",堡林,2020-03-13,45,6
"		156",堡林,2020-03-14,43.3,18
"		156",堡林,2020-03-15,50.5,20
"		156",堡林,2020-03-16,43.6,11
"		156",堡林,2020-03-17,63.4,27
"		156",堡林,2020-03-18,53.3,7
"		156",堡林,2020-03-19,54.3,22
"		156",堡林,2020-03-20,32.6,17
"		156",堡林,2020-03-21,57.5,34
"		156",堡林,2020-03-22,48.4,16
"		156",堡林,2020-03-23,46,14
"		156",堡林,2020-03-24,55.9,16
"		156",堡林,2020-03-25,46.9,23
"		156",堡林,2020-03-26,94.5,39
"		156",堡林,2020-03-27,84.4,60
"		156",堡林,2020-03-28,42.8,25
"		156",堡林,2020-03-29,52.8,31
"		156",堡林,2020-03-30,56.5,33
"		156",堡林,2020-03-31,53.9,25
"		156",堡林,2020-04-01,50.1,25
"		156",堡林,2020-04-02,42.5,18
"		156",堡林,2020-04-03,35.9,19
"		156",堡林,2020-04-04,45.6,18
"		156",堡林,2020-04-05,37.1,11
"		156",堡林,2020-04-06,41,9
"		156",堡林,2020-04-07,50.5,18
"		156",堡林,2020-04-08,32.8,6
"		156",堡林,2020-04-09,39.1,20
"		156",堡林,2020-04-10,48.6,34
"		156",堡林,2020-04-11,79.9,53
"		156",堡林,2020-04-12,77.9,40
"		156",堡林,2020-04-13,56.9,27
"		156",堡林,2020-04-14,41.9,5
"		156",堡林,2020-04-15,39.5,12
"		156",堡林,2020-04-16,49.4,21
"		156",堡林,2020-04-17,85.6,59
"		156",堡林,2020-04-18,73.8,50
"		156",堡林,2020-04-19,89.6,65
"		156",堡林,2020-04-20,78.5,54
"		156",堡林,2020-04-21,47.3,16
"		156",堡林,2020-04-22,39.6,25
"		156",堡林,2020-04-23,46.9,19
"		156",堡林,2020-04-24,40.9,12
"		156",堡林,2020-04-25,56,26
"		156",堡林,2020-04-26,44.3,9
"		156",堡林,2020-04-27,39.1,16
"		156",堡林,2020-04-28,53.6,18
"		156",堡林,2020-04-29,41.6,16
"		156",堡林,2020-04-30,60,36
"		156",堡林,2020-05-01,77.6,56
"		156",堡林,2020-05-02,76.6,54
"		156",堡林,2020-05-03,91,68
"		156",堡林,2020-05-04,78.1,54
"		156",堡林,2020-05-05,78.4,60
"		156",堡林,2020-05-06,62.8,20
"		156",堡林,2020-05-07,45.3,12
"		156",堡林,2020-05-08,59.5,33
"		156",堡林,2020-05-09,96.1,91
"		156",堡林,2020-05-10,93,74
"		156",堡林,2020-05-11,66.5,19
"		156",堡林,2020-05-12,64.4,39
"		156",堡林,2020-05-13,50.4,23
"		156",堡林,2020-05-14,43,17
"		156",堡林,2020-05-15,94,63
"		156",堡林,2020-05-16,89.5,74
"		156",堡林,2020-05-17,79.5,54
"		156",堡林,2020-05-18,84.8,66
"		156",堡林,2020-05-19,89.1,71
"		156",堡林,2020-05-20,70.1,45
"		156",堡林,2020-05-21,71.1,42
"		156",堡林,2020-05-22,61,37
"		156",堡林,2020-05-23,67.1,51
"		156",堡林,2020-05-24,92.5,70
"		156",堡林,2020-05-25,81.6,54
"		156",堡林,2020-05-26,76.5,36
"		156",堡林,2020-05-27,62.6,27
"		156",堡林,2020-05-28,74.4,41
"		156",堡林,2020-05-29,65.1,30
"		156",堡林,2020-05-30,52.9,33
"		156",堡林,2020-05-31,79.4,49
"		156",堡林,2020-06-01,64.4,25
"		156",堡林,2020-06-02,61.3,21
"		156",堡林,2020-06-03,83.4,60
"		156",堡林,2020-06-04,72.5,32
"		156",堡林,2020-06-05,78.6,43
"		156",堡林,2020-06-06,83.9,55
"		156",堡林,2020-06-07,71.3,44
"		156",堡林,2020-06-08,58.6,32
"		156",堡林,2020-06-09,55.6,37
"		156",堡林,2020-06-10,77.4,44
"		156",堡林,2020-06-11,90,63
"		156",堡林,2020-06-12,86.6,58
"		156",堡林,2020-06-13,96,80
"		156",堡林,2020-06-14,92.1,56
"		156",堡林,2020-06-15,68.5,38
"		156",堡林,2020-06-16,65.5,35
"		156",堡林,2020-06-17,78.9,51
"		156",堡林,2020-06-18,98.6,96
"		156",堡林,2020-06-19,81.8,47
"		156",堡林,2020-06-20,82.5,55
"		156",堡林,2020-06-21,77.3,53
"		156",堡林,2020-06-22,77.1,50
"		156",堡林,2020-06-23,65.1,33
"		156",堡林,2020-06-24,88.9,52
"		156",堡林,2020-06-25,94.5,85
"		156",堡林,2020-06-26,80.4,53
"		156",堡林,2020-06-27,80.3,48
"		156",堡林,2020-06-28,75.8,53
"		156",堡林,2020-06-29,96.8,75
"		156",堡林,2020-06-30,96.9,90
"		156",堡林,2020-07-01,75.6,51
"		156",堡林,2020-07-02,80.4,60
"		156",堡林,2020-07-03,88.9,73
"		156",堡林,2020-07-04,95,80
"		156",堡林,2020-07-05,88.4,67
"		156",堡林,2020-07-06,95.4,82
"		156",堡林,2020-07-07,82.9,57
"		156",堡林,2020-07-08,81.1,49
"		156",堡林,2020-07-09,82,58
"		156",堡林,2020-07-10,91.3,69
"		156",堡林,2020-07-11,88.1,68
"		156",堡林,2020-07-12,94.4,84
"		156",堡林,2020-07-13,98,88
"		156",堡林,2020-07-14,98.8,97
"		156",堡林,2020-07-15,98.6,95
"		156",堡林,2020-07-16,89.5,59
"		156",堡林,2020-07-17,84,52
"		156",堡林,2020-07-18,79.8,58
"		156",堡林,2020-07-19,88.6,78
"		156",堡林,2020-07-20,94.1,84
"		156",堡林,2020-07-21,87.8,61
"		156",堡林,2020-07-22,99,99
"		156",堡林,2020-07-23,98.4,95
"		156",堡林,2020-07-24,98.9,97
"		156",堡林,2020-07-25,97.4,94
"		156",堡林,2020-07-26,88.8,64
"		156",堡林,2020-07-27,94.1,76
"		156",堡林,2020-07-28,98.1,90
"		156",堡林,2020-07-29,99,99
"		156",堡林,2020-07-30,96.6,82
"		156",堡林,2020-07-31,91.5,73
"		156",堡林,2020-08-01,93.5,75
"		156",堡林,2020-08-02,91.1,73
"		156",堡林,2020-08-03,90.4,77
"		156",堡林,2020-08-04,84.4,65
"		156",堡林,2020-08-05,89.9,74
"		156",堡林,2020-08-06,99,89
"		156",堡林,2020-08-07,99,99
"		156",堡林,2020-08-08,98.8,98
"		156",堡林,2020-08-09,88,65
"		156",堡林,2020-08-10,98.4,94
"		156",堡林,2020-08-11,98.4,94
"		156",堡林,2020-08-12,96.4,81
"		156",堡林,2020-08-13,91.3,75
"		156",堡林,2020-08-14,88.4,68
"		156",堡林,2020-08-15,84.4,55
"		156",堡林,2020-08-16,87.1,65
"		156",堡林,2020-08-17,84.5,53
"		156",堡林,2020-08-18,82.1,52
"		156",堡林,2020-08-19,79.8,50
"		156",堡林,2020-08-20,82,51
"		156",堡林,2020-08-21,85,55
"		156",堡林,2020-08-22,85.9,68
"		156",堡林,2020-08-23,86.4,56
"		156",堡林,2020-08-24,81.1,55
"		156",堡林,2020-08-25,76.3,57
"		156",堡林,2020-08-26,86,66
"		156",堡林,2020-08-27,88.3,73
"		156",堡林,2020-08-28,86.5,64
"		156",堡林,2020-08-29,95.1,75
"		156",堡林,2020-08-30,85.6,57
"		156",堡林,2020-08-31,95.3,68
"		156",堡林,2020-09-01,88,67
"		156",堡林,2020-09-02,97.8,91
"		156",堡林,2020-09-03,87.5,68
"		156",堡林,2020-09-04,78.6,46
"		156",堡林,2020-09-05,92.4,81
"		156",堡林,2020-09-06,97.4,86
"		156",堡林,2020-09-07,97.9,87
"		156",堡林,2020-09-08,89.3,67
"		156",堡林,2020-09-09,92.8,66
"		156",堡林,2020-09-10,89.1,52
"		156",堡林,2020-09-11,98.1,94
"		156",堡林,2020-09-12,93.8,72
"		156",堡林,2020-09-13,97.9,86
"		156",堡林,2020-09-14,84.6,54
"		156",堡林,2020-09-15,82.1,51
"		156",堡林,2020-09-16,96.4,85
"		156",堡林,2020-09-17,92,59
"		156",堡林,2020-09-18,86.9,50
"		156",堡林,2020-09-19,83.1,46
"		156",堡林,2020-09-20,76.3,39
"		156",堡林,2020-09-21,68.6,36
"		156",堡林,2020-09-22,70.9,40
"		156",堡林,2020-09-23,75.6,58
"		156",堡林,2020-09-24,70.5,46
"		156",堡林,2020-09-25,74.1,52
"		156",堡林,2020-09-26,74.6,42
"		156",堡林,2020-09-27,71.4,41
"		156",堡林,2020-09-28,69.3,30
"		156",堡林,2020-09-29,74.5,39
"		156",堡林,2020-09-30,82,44
"		156",堡林,2020-10-01,80.8,56
"		156",堡林,2020-10-02,78.4,49
"		156",堡林,2020-10-03,82.6,53
"		156",堡林,2020-10-04,90.8,60
"		156",堡林,2020-10-05,53.8,37
"		156",堡林,2020-10-06,56.6,28
"		156",堡林,2020-10-07,50.6,31
"		156",堡林,2020-10-08,57.8,38
"		156",堡林,2020-10-09,57,38
"		156",堡林,2020-10-10,66.6,38
"		156",堡林,2020-10-11,77.4,48
"		156",堡林,2020-10-12,76.6,38
"		156",堡林,2020-10-13,52.5,32
"		156",堡林,2020-10-14,56.1,38
"		156",堡林,2020-10-15,36.4,12
"		156",堡林,2020-10-16,54,36
"		156",堡林,2020-10-17,71.3,42
"		156",堡林,2020-10-18,64.1,19
"		156",堡林,2020-10-19,61.6,31
"		156",堡林,2020-10-20,59.6,26
"		156",堡林,2020-10-21,85.6,65
"		156",堡林,2020-10-22,76.1,52
"		156",堡林,2020-10-23,50.1,33
"		156",堡林,2020-10-24,52.3,26
"		156",堡林,2020-10-25,71.1,44
"		156",堡林,2020-10-26,71.4,34
"		156",堡林,2020-10-27,70.4,28
"		156",堡林,2020-10-28,66.5,33
"		156",堡林,2020-10-29,44,14
"		156",堡林,2020-10-30,54.5,20
"		156",堡林,2020-10-31,59.1,33
"		156",堡林,2020-11-01,91.6,63
"		156",堡林,2020-11-02,71.8,34
"		156",堡林,2020-11-03,54.5,34
"		156",堡林,2020-11-04,43.3,12
"		156",堡林,2020-11-05,45.4,20
"		156",堡林,2020-11-06,65.1,46
"		156",堡林,2020-11-07,77.1,40
"		156",堡林,2020-11-08,60.9,16
"		156",堡林,2020-11-09,41.9,14
"		156",堡林,2020-11-10,48.9,22
"		156",堡林,2020-11-11,50.6,18
"		156",堡林,2020-11-12,59,29
"		156",堡林,2020-11-13,67.6,30
"		156",堡林,2020-11-14,66.8,32
"		156",堡林,2020-11-15,68.6,42
"		156",堡林,2020-11-16,60.3,26
"		156",堡林,2020-11-17,77.5,54
"		156",堡林,2020-11-18,89.3,63
"		156",堡林,2020-11-19,92.1,80
"		156",堡林,2020-11-20,73.4,69
"		156",堡林,2020-11-21,66.6,43
"		156",堡林,2020-11-22,85.9,60
"		156",堡林,2020-11-23,60.5,48
"		156",堡林,2020-11-24,40.8,15
"		156",堡林,2020-11-25,51,34
"		156",堡林,2020-11-26,57.1,31
"		156",堡林,2020-11-27,58.6,47
"		156",堡林,2020-11-28,49.9,32
"		156",堡林,2020-11-29,61,47
"		156",堡林,2020-11-30,57.1,40
"		156",堡林,2020-12-01,35.9,9
"		156",堡林,2020-12-02,35,17
"		156",堡林,2020-12-03,51.5,40
"		156",堡林,2020-12-04,54.3,35
"		156",堡林,2020-12-05,55,32
"		156",堡林,2020-12-06,61.1,35
"		156",堡林,2020-12-07,69.9,50
"		156",堡林,2020-12-08,56.8,42
"		156",堡林,2020-12-09,49.3,12
"		156",堡林,2020-12-10,55.6,36
"		156",堡林,2020-12-11,80.5,58
"		156",堡林,2020-12-12,51.4,23
"		156",堡林,2020-12-13,66.1,42
"		156",堡林,2020-12-14,45.9,31
"		156",堡林,2020-12-15,46.9,30
"		156",堡林,2020-12-16,59.6,40
"		156",堡林,2020-12-17,55.4,42
"		156",堡林,2020-12-18,62.8,46
"		156",堡林,2020-12-19,31.1,7
"		156",堡林,2020-12-20,45.3,31
"		156",堡林,2020-12-21,61.5,42
"		156",堡林,2020-12-22,74.3,50
"		156",堡林,2020-12-23,79.3,53
"		156",堡林,2020-12-24,63.9,30
"		156",堡林,2020-12-25,65.9,42
"		156",堡林,2020-12-26,61.4,37
"		156",堡林,2020-12-27,81.1,53
"		156",堡林,2020-12-28,89.1,51
"		156",堡林,2020-12-29,89.6,57
"		156",堡林,2020-12-30,89,74
"		156",堡林,2020-12-31,79.8,62
"		156",堡林,2021-01-01,83.1,62
"		156",堡林,2021-01-02,67.8,31
"		156",堡林,2021-01-03,54.6,41
"		156",堡林,2021-01-04,71.8,45
"		156",堡林,2021-01-05,64.9,45
"		156",堡林,2021-01-06,65.9,43
"		156",堡林,2021-01-07,69.1,52
"		156",堡林,2021-01-08,55.8,41
"		156",堡林,2021-01-09,52.6,35
"		156",堡林,2021-01-10,74.3,51
"		156",堡林,2021-01-11,78.6,63
"		156",堡林,2021-01-12,80.4,44
"		156",堡林,2021-01-13,77.5,49
"		156",堡林,2021-01-14,76.8,42
"		156",堡林,2021-01-15,83.9,61
"		156",堡林,2021-01-16,60.9,52
"		156",堡林,2021-01-17,60.4,37
"		156",堡林,2021-01-18,77.1,35
"		156",堡林,2021-01-19,46,19
"		156",堡林,2021-01-20,51.1,34
"		156",堡林,2021-01-21,81.4,57
"		156",堡林,2021-01-22,97.9,95
"		156",堡林,2021-01-23,96.8,91
"		156",堡林,2021-01-24,70.5,41
"		156",堡林,2021-01-25,66.8,37
"		156",堡林,2021-01-26,90.6,74
"		156",堡林,2021-01-27,41.8,14
"		156",堡林,2021-01-28,71.8,36
"		156",堡林,2021-01-29,63.8,46
"		156",堡林,2021-01-30,74,53
"		156",堡林,2021-01-31,77.6,48
"		156",堡林,2021-02-01,90.6,64
"		156",堡林,2021-02-02,45.6,27
"		156",堡林,2021-02-03,50.3,19
"		156",堡林,2021-02-04,49.1,23
"		156",堡林,2021-02-05,41,15
"		156",堡林,2021-02-06,71.4,33
"		156",堡林,2021-02-07,65.8,30
"		156",堡林,2021-02-08,44.8,19
"		156",堡林,2021-02-09,40.1,17
"		156",堡林,2021-02-10,58.1,37
"		156",堡林,2021-02-11,63.6,33
"		156",堡林,2021-02-12,47,11
"		156",堡林,2021-02-13,41,8
"		156",堡林,2021-02-14,55.1,28
"		156",堡林,2021-02-15,65.9,40
"		156",堡林,2021-02-16,60.5,30
"		156",堡林,2021-02-17,83.4,57
"		156",堡林,2021-02-18,69.1,51
"		156",堡林,2021-02-19,65.4,42
"		156",堡林,2021-02-20,74.8,46
"		156",堡林,2021-02-21,65,25
"		156",堡林,2021-02-22,62.1,34
"		156",堡林,2021-02-23,38.5,11
"		156",堡林,2021-02-24,42,24
"		156",堡林,2021-02-25,86.1,47
"		156",堡林,2021-02-26,59.1,22
"		156",堡林,2021-02-27,46,28
"		156",堡林,2021-02-28,70.9,46
"		156",堡林,2021-03-01,95.9,81
"		156",堡林,2021-03-02,74.8,44
"		156",堡林,2021-03-03,64.9,31
"		156",堡林,2021-03-04,85.8,58
"		156",堡林,2021-03-05,71.5,23
"		156",堡林,2021-03-06,67.6,41
"		156",堡林,2021-03-07,69.9,45
"		156",堡林,2021-03-08,66.1,24
"		156",堡林,2021-03-09,48.6,24
"		156",堡林,2021-03-10,45.1,20
"		156",堡林,2021-03-11,58.5,22
"		156",堡林,2021-03-12,93.9,80
"		156",堡林,2021-03-13,74.8,41
"		156",堡林,2021-03-14,67.5,38
"		156",堡林,2021-03-15,69.3,32
"		156",堡林,2021-03-16,64.8,20
"		156",堡林,2021-03-17,53.6,16
"		156",堡林,2021-03-18,62.4,30
"		156",堡林,2021-03-19,60.3,32
"		156",堡林,2021-03-20,94.6,64
"		156",堡林,2021-03-21,63,34
"		156",堡林,2021-03-22,47.8,24
"		156",堡林,2021-03-23,61.4,22
"		156",堡林,2021-03-24,56.3,31
"		156",堡林,2021-03-25,59.9,20
"		156",堡林,2021-03-26,46.9,11
"		156",堡林,2021-03-27,83.6,36
"		156",堡林,2021-03-28,85.6,56
"		156",堡林,2021-03-29,53,22
"		156",堡林,2021-03-30,33,12
"		156",堡林,2021-03-31,43.6,19
"		156",堡林,2021-04-01,36.6,16
"		156",堡林,2021-04-02,44.3,28
"		156",堡林,2021-04-03,87.8,58
"		156",堡林,2021-04-04,97.9,91
"		156",堡林,2021-04-05,56.3,19
"		156",堡林,2021-04-06,52.4,12
"		156",堡林,2021-04-07,44,11
"		156",堡林,2021-04-08,40.9,12
"		156",堡林,2021-04-09,41,17
"		156",堡林,2021-04-10,54.9,25
"		156",堡林,2021-04-11,38.9,8
"		156",堡林,2021-04-12,78.3,24
"		156",堡林,2021-04-13,76.4,47
"		156",堡林,2021-04-14,41.3,13
"		156",堡林,2021-04-15,36.6,14
"		156",堡林,2021-04-16,67.5,37
"		156",堡林,2021-04-17,55.6,17
"		156",堡林,2021-04-18,49.4,23
"		156",堡林,2021-04-19,53.4,17
"		156",堡林,2021-04-20,48.9,16
"		156",堡林,2021-04-21,37.9,11
"		156",堡林,2021-04-22,36.5,20
"		156",堡林,2021-04-23,28.4,16
"		156",堡林,2021-04-24,33.5,22
"		156",堡林,2021-04-25,51.1,27
"		156",堡林,2021-04-26,50.6,20
"		156",堡林,2021-04-27,53.8,27
"		156",堡林,2021-04-28,53.8,17
"		156",堡林,2021-04-29,47.5,18
"		156",堡林,2021-04-30,59.8,18
"		156",堡林,2021-05-01,78.8,47
"		156",堡林,2021-05-02,69.5,38
"		156",堡林,2021-05-03,61.9,25
"		156",堡林,2021-05-04,87.1,60
"		156",堡林,2021-05-05,57.1,18
"		156",堡林,2021-05-06,43.6,21
"		156",堡林,2021-05-07,49.9,22
"		156",堡林,2021-05-08,58.9,23
"		156",堡林,2021-05-09,43.8,16
"		156",堡林,2021-05-10,39.8,30
"		156",堡林,2021-05-11,55.8,50
"		156",堡林,2021-05-12,48.5,39
"		156",堡林,2021-05-13,62.8,39
"		156",堡林,2021-05-14,66.8,44
"		156",堡林,2021-05-15,96.1,76
"		156",堡林,2021-05-16,99,98
"		156",堡林,2021-05-17,98.1,95
"		156",堡林,2021-05-18,82.1,51
"		156",堡林,2021-05-19,63.3,24
"		156",堡林,2021-05-20,93.4,62
"		156",堡林,2021-05-21,82.1,53
"		156",堡林,2021-05-22,67.3,40
"		156",堡林,2021-05-23,66.4,35
"		156",堡林,2021-05-24,68.9,42
"		156",堡林,2021-05-25,62.1,29
"		156",堡林,2021-05-26,59.8,28
"		156",堡林,2021-05-27,84.9,50
"		156",堡林,2021-05-28,80.6,52
"		156",堡林,2021-05-29,68.8,34
"		156",堡林,2021-05-30,49.1,25
"		156",堡林,2021-05-31,43,28
"		156",堡林,2021-06-01,51.3,27
"		156",堡林,2021-06-02,61,35
"		156",堡林,2021-06-03,92.6,66
"		156",堡林,2021-06-04,67.1,26
"		156",堡林,2021-06-05,81.1,59
"		156",堡林,2021-06-06,61.6,32
"		156",堡林,2021-06-07,56.3,27
"		156",堡林,2021-06-08,57.5,34
"		156",堡林,2021-06-09,61.5,44
"		156",堡林,2021-06-10,70.8,38
"		156",堡林,2021-06-11,84.4,53
"		156",堡林,2021-06-12,83.4,52
"		156",堡林,2021-06-13,83.8,54
"		156",堡林,2021-06-14,82.3,62
"		156",堡林,2021-06-15,93.8,80
"		156",堡林,2021-06-16,76.9,56
"		156",堡林,2021-06-17,82.9,60
"		156",堡林,2021-06-18,97.4,91
"		156",堡林,2021-06-19,80,36
"		156",堡林,2021-06-20,64.8,30
"		156",堡林,2021-06-21,55.4,27
"		156",堡林,2021-06-22,70,48
"		156",堡林,2021-06-23,81.1,57
"		156",堡林,2021-06-24,79.6,52
"		156",堡林,2021-06-25,81.1,51
"		156",堡林,2021-06-26,79.3,47
"		156",堡林,2021-06-27,76.4,53
"		156",堡林,2021-06-28,91.3,61
"		156",堡林,2021-06-29,88.3,58
"		156",堡林,2021-06-30,84.6,60
"		156",堡林,2021-07-01,77.6,47
"		156",堡林,2021-07-02,81.8,57
"		156",堡林,2021-07-03,93.9,77
"		156",堡林,2021-07-04,96.6,88
"		156",堡林,2021-07-05,98.6,96
"		156",堡林,2021-07-06,99,99
"		156",堡林,2021-07-07,99,99
"		156",堡林,2021-07-08,96.9,82
"		156",堡林,2021-07-09,94.4,70
"		156",堡林,2021-07-10,90.9,69
"		156",堡林,2021-07-11,90.5,71
"		156",堡林,2021-07-12,87.5,65
"		156",堡林,2021-07-13,81.5,58
"		156",堡林,2021-07-14,84.8,66
"		156",堡林,2021-07-15,78.4,53
"		156",堡林,2021-07-16,92.5,60
"		156",堡林,2021-07-17,82.1,58
"		156",堡林,2021-07-18,77.8,53
"		156",堡林,2021-07-19,78.4,56
"		156",堡林,2021-07-20,81.5,55
"		156",堡林,2021-07-21,74.6,47
"		156",堡林,2021-07-22,70.5,51
"		156",堡林,2021-07-23,70.9,49
"		156",堡林,2021-07-24,68.3,49
"		156",堡林,2021-07-25,61.5,47
"		156",堡林,2021-07-26,67.3,48
"		156",堡林,2021-07-27,67.9,47
"		156",堡林,2021-07-28,71.9,47
"		156",堡林,2021-07-29,72.9,47
"		156",堡林,2021-07-30,77.5,53
"		156",堡林,2021-07-31,80.1,51
"		156",堡林,2021-08-01,86.3,63
"		156",堡林,2021-08-02,96.1,74
"		156",堡林,2021-08-03,90.5,62
"		156",堡林,2021-08-04,79.5,53
"		156",堡林,2021-08-05,79.3,59
"		156",堡林,2021-08-06,85,46
"		156",堡林,2021-08-07,79.1,50
"		156",堡林,2021-08-08,91,72
"		156",堡林,2021-08-09,81.3,50
"		156",堡林,2021-08-10,80.6,53
"		156",堡林,2021-08-11,83.1,61
"		156",堡林,2021-08-12,84.8,61
"		156",堡林,2021-08-13,90,66
"		156",堡林,2021-08-14,88.9,64
"		156",堡林,2021-08-15,87.5,56
"		156",堡林,2021-08-16,79.5,54
"		156",堡林,2021-08-17,73.9,49
"		156",堡林,2021-08-18,93.4,59
"		156",堡林,2021-08-19,90.6,65
"		156",堡林,2021-08-20,84,62
"		156",堡林,2021-08-21,98,88
"		156",堡林,2021-08-22,89.5,65
"		156",堡林,2021-08-23,98.8,95
"		156",堡林,2021-08-24,98.8,93
"		156",堡林,2021-08-25,97.9,91
"		156",堡林,2021-08-26,82.4,48
"		156",堡林,2021-08-27,98.9,90
"		156",堡林,2021-08-28,84.3,52
"		156",堡林,2021-08-29,97.8,92
"		156",堡林,2021-08-30,91,68
"		156",堡林,2021-08-31,89.5,69
"		156",堡林,2021-09-01,97.4,94
"		156",堡林,2021-09-02,98.4,95
"		156",堡林,2021-09-03,94.1,74
"		156",堡林,2021-09-04,88.6,67
"		156",堡林,2021-09-05,91.1,76
"		156",堡林,2021-09-06,93.3,72
"		156",堡林,2021-09-07,94.4,72
"		156",堡林,2021-09-08,84.4,55
"		156",堡林,2021-09-09,84.5,53
"		156",堡林,2021-09-10,93,80
"		156",堡林,2021-09-11,83.9,55
"		156",堡林,2021-09-12,83.3,51
"		156",堡林,2021-09-13,69.8,52
"		156",堡林,2021-09-14,85.1,72
"		156",堡林,2021-09-15,64.1,49
"		156",堡林,2021-09-16,82.5,60
"		156",堡林,2021-09-17,86.5,67
"		156",堡林,2021-09-18,81.8,60
"		156",堡林,2021-09-19,77.1,51
"		156",堡林,2021-09-20,78.6,55
"		156",堡林,2021-09-21,92.9,73
"		156",堡林,2021-09-22,84.8,51
"		156",堡林,2021-09-23,72.6,39
"		156",堡林,2021-09-24,76.6,47
"		156",堡林,2021-09-25,79.8,56
"		156",堡林,2021-09-26,78,57
"		156",堡林,2021-09-27,73.8,57
"		156",堡林,2021-09-28,83.8,64
"		156",堡林,2021-09-29,97.8,91
"		156",堡林,2021-09-30,67.9,38
"		156",堡林,2021-10-01,88,53
"		156",堡林,2021-10-02,84.1,48
"		156",堡林,2021-10-03,77.8,46
"		156",堡林,2021-10-04,83,53
"		156",堡林,2021-10-05,84.1,56
"		156",堡林,2021-10-06,81.5,43
"		156",堡林,2021-10-07,91.8,66
"		156",堡林,2021-10-08,93.3,78
"		156",堡林,2021-10-09,80.4,52
"		156",堡林,2021-10-10,90.6,61
"		156",堡林,2021-10-11,98.8,96
"		156",堡林,2021-10-12,98.9,98
"		156",堡林,2021-10-13,90.6,72
"		156",堡林,2021-10-14,85.4,59
"		156",堡林,2021-10-15,88,67
"		156",堡林,2021-10-16,70.8,47
"		156",堡林,2021-10-17,43,19
"		156",堡林,2021-10-18,53.1,26
"		156",堡林,2021-10-19,77.8,55
"		156",堡林,2021-10-20,64,36
"		156",堡林,2021-10-21,71.3,44
"		156",堡林,2021-10-22,61.1,30
"		156",堡林,2021-10-23,59.4,22
"		156",堡林,2021-10-24,62.5,21
"		156",堡林,2021-10-25,70.8,35
"		156",堡林,2021-10-26,69.1,36
"		156",堡林,2021-10-27,71.6,34
"		156",堡林,2021-10-28,61.8,28
"		156",堡林,2021-10-29,66.4,41
"		156",堡林,2021-10-30,75.9,55
"		156",堡林,2021-10-31,75.6,43
"		156",堡林,2021-11-01,80,47
"		156",堡林,2021-11-02,79,50
"		156",堡林,2021-11-03,72.4,34
"		156",堡林,2021-11-04,78.5,34
"		156",堡林,2021-11-05,72.9,45
"		156",堡林,2021-11-06,58.5,38
"		156",堡林,2021-11-07,61.4,42
"		156",堡林,2021-11-08,82.1,61
"		156",堡林,2021-11-09,79.1,55
"		156",堡林,2021-11-10,94.4,65
"		156",堡林,2021-11-11,94.9,77
"		156",堡林,2021-11-12,90.4,54
"		156",堡林,2021-11-13,85.9,55
"		156",堡林,2021-11-14,83.5,53
"		156",堡林,2021-11-15,82.9,53
"		156",堡林,2021-11-16,69.8,32
"		156",堡林,2021-11-17,72.3,38
"		156",堡林,2021-11-18,79.1,51
"		156",堡林,2021-11-19,87.1,59
"		156",堡林,2021-11-20,91.8,56
"		156",堡林,2021-11-21,91.4,74
"		156",堡林,2021-11-22,73.6,48
"		156",堡林,2021-11-23,97,80
"		156",堡林,2021-11-24,76.4,46
"		156",堡林,2021-11-25,73.3,34
"		156",堡林,2021-11-26,60.1,25
"		156",堡林,2021-11-27,60,27
"		156",堡林,2021-11-28,60.8,31
"		156",堡林,2021-11-29,69.6,22
"		156",堡林,2021-11-30,86.5,52
"		156",堡林,2021-12-01,81.1,64
"		156",堡林,2021-12-02,67.9,52
"		156",堡林,2021-12-03,76.5,52
"		156",堡林,2021-12-04,67.4,54
"		156",堡林,2021-12-05,72.1,43
"		156",堡林,2021-12-06,77.8,48
"		156",堡林,2021-12-07,75.1,40
"		156",堡林,2021-12-08,71.8,34
"		156",堡林,2021-12-09,77.4,56
"		156",堡林,2021-12-10,86.6,60
"		156",堡林,2021-12-11,81.8,57
"		156",堡林,2021-12-12,69.8,51
"		156",堡林,2021-12-13,50.9,31
"		156",堡林,2021-12-14,66,48
"		156",堡林,2021-12-15,82.3,56
"		156",堡林,2021-12-16,92,76
"		156",堡林,2021-12-17,79,46
"		156",堡林,2021-12-18,68.5,46
"		156",堡林,2021-12-19,74.3,43
"		156",堡林,2021-12-20,74.8,48
"		156",堡林,2021-12-21,82.9,49
"		156",堡林,2021-12-22,58,15
"		156",堡林,2021-12-23,53.4,28
"		156",堡林,2021-12-24,68.8,41
"		156",堡林,2021-12-25,63.5,47
"		156",堡林,2021-12-26,53.6,41
"		156",堡林,2021-12-27,65.9,44
"		156",堡林,2021-12-28,69.3,47
"		156",堡林,2021-12-29,70.4,49
"		156",堡林,2021-12-30,67.1,40
"		156",堡林,2021-12-31,62.5,51
"		156",堡林,2022-01-01,39.4,15
"		156",堡林,2022-01-02,67.1,45
"		156",堡林,2022-01-03,70,36
"		156",堡林,2022-01-04,54.8,15
"		156",堡林,2022-01-05,37.1,25
"		156",堡林,2022-01-06,44.4,17
"		156",堡林,2022-01-07,56.3,17
"		156",堡林,2022-01-08,62,40
"		156",堡林,2022-01-09,74.3,52
"		156",堡林,2022-01-10,71.3,30
"		156",堡林,2022-01-11,82.4,57
"		156",堡林,2022-01-12,64.4,54
"		156",堡林,2022-01-13,72,52
"		156",堡林,2022-01-14,49.3,19
"		156",堡林,2022-01-15,54.5,29
"		156",堡林,2022-01-16,66.6,42
"		156",堡林,2022-01-17,63,52
"		156",堡林,2022-01-18,40.8,18
"		156",堡林,2022-01-19,59.9,29
"		156",堡林,2022-01-20,52.5,32
"		156",堡林,2022-01-21,59.6,37
"		156",堡林,2022-01-22,57,44
"		156",堡林,2022-01-23,62.8,49
"		156",堡林,2022-01-24,65.6,50
"		156",堡林,2022-01-25,71.5,52
"		156",堡林,2022-01-26,60.6,43
"		156",堡林,2022-01-27,51.6,23
"		156",堡林,2022-01-28,51.8,27
"		156",堡林,2022-01-29,47.8,23
"		156",堡林,2022-01-30,45.9,16
"		156",堡林,2022-01-31,56.3,27
"		156",堡林,2022-02-01,70.9,47
"		156",堡林,2022-02-02,55.5,37
"		156",堡林,2022-02-03,45.9,18
"		156",堡林,2022-02-04,59.3,35
"		156",堡林,2022-02-05,78.8,48
"		156",堡林,2022-02-06,77.9,54
"		156",堡林,2022-02-07,48,31
"		156",堡林,2022-02-08,48.3,32
"		156",堡林,2022-02-09,53.5,31
"		156",堡林,2022-02-10,45.3,22
"		156",堡林,2022-02-11,45,15
"		156",堡林,2022-02-12,43,12
"		156",堡林,2022-02-13,45.6,26
"		156",堡林,2022-02-14,59.4,19
"		156",堡林,2022-02-15,65.4,46
"		156",堡林,2022-02-16,83,63
"		156",堡林,2022-02-17,56.5,33
"		156",堡林,2022-02-18,50,33
"		156",堡林,2022-02-19,56.1,28
"		156",堡林,2022-02-20,60.5,33
"		156",堡林,2022-02-21,60.1,25
"		156",堡林,2022-02-22,50.5,28
"		156",堡林,2022-02-23,43.8,23
"		156",堡林,2022-02-24,50.5,30
"		156",堡林,2022-02-25,64.4,26
"		156",堡林,2022-02-26,71.4,25
"		156",堡林,2022-02-27,40.6,11
"		156",堡林,2022-02-28,46.4,11
"		156",堡林,2022-03-01,85.3,60
"		156",堡林,2022-03-02,55,29
"		156",堡林,2022-03-03,67,31
"		156",堡林,2022-03-04,67.5,29
"		156",堡林,2022-03-05,50.4,23
"		156",堡林,2022-03-06,40.1,15
"		156",堡林,2022-03-07,43.6,8
"		156",堡林,2022-03-08,52.4,22
"		156",堡林,2022-03-09,53.4,12
"		156",堡林,2022-03-10,50.3,19
"		156",堡林,2022-03-11,70.6,52
"		156",堡林,2022-03-12,75.9,42
"		156",堡林,2022-03-13,95.1,82
"		156",堡林,2022-03-14,97.5,91
"		156",堡林,2022-03-15,72.3,22
"		156",堡林,2022-03-16,59,14
"		156",堡林,2022-03-17,80.1,52
"		156",堡林,2022-03-18,96.6,83
"		156",堡林,2022-03-19,88.5,73
"		156",堡林,2022-03-20,82.1,57
"		156",堡林,2022-03-21,51.1,23
"		156",堡林,2022-03-22,47.4,21
"		156",堡林,2022-03-23,62.6,19
"		156",堡林,2022-03-24,60.4,38
"		156",堡林,2022-03-25,76.8,62
"		156",堡林,2022-03-26,96.9,91
"		156",堡林,2022-03-27,61.9,31
"		156",堡林,2022-03-28,41.5,26
"		156",堡林,2022-03-29,55.5,20
"		156",堡林,2022-03-30,77,60
"		156",堡林,2022-03-31,84.9,67
"		156",堡林,2022-04-01,65.8,32
"		156",堡林,2022-04-02,53.6,19
"		156",堡林,2022-04-03,47.6,18
"		156",堡林,2022-04-04,44.9,15
"		156",堡林,2022-04-05,39.9,12
"		156",堡林,2022-04-06,56.5,23
"		156",堡林,2022-04-07,60.6,26
"		156",堡林,2022-04-08,40.3,19
"		156",堡林,2022-04-09,38.4,21
"		156",堡林,2022-04-10,52.1,24
"		156",堡林,2022-04-11,77.4,43
"		156",堡林,2022-04-12,79.5,39
"		156",堡林,2022-04-13,94,78
"		156",堡林,2022-04-14,78.3,56
"		156",堡林,2022-04-15,57.6,22
"		156",堡林,2022-04-16,45.5,18
"		156",堡林,2022-04-17,38.5,14
"		156",堡林,2022-04-18,30.9,9
"		156",堡林,2022-04-19,30.9,11
"		156",堡林,2022-04-20,40.6,13
"		156",堡林,2022-04-21,53.4,24
"		156",堡林,2022-04-22,74.4,42
"		156",堡林,2022-04-23,75,40
"		156",堡林,2022-04-24,75.8,45
"		156",堡林,2022-04-25,80.4,39
"		156",堡林,2022-04-26,99,99
"		156",堡林,2022-04-27,54.3,28
"		156",堡林,2022-04-28,65.9,39
"		156",堡林,2022-04-29,84.8,56
"		156",堡林,2022-04-30,74.3,60
"		156",堡林,2022-05-01,54.5,19
"		156",堡林,2022-05-02,52.8,20
"		156",堡林,2022-05-03,50.4,19
"		156",堡林,2022-05-04,55.4,26
"		156",堡林,2022-05-05,62.6,33
"		156",堡林,2022-05-06,64.6,34
"		156",堡林,2022-05-07,66.1,34
"		156",堡林,2022-05-08,56.8,32
"		156",堡林,2022-05-09,72.5,45
"		156",堡林,2022-05-10,57.1,36
"		156",堡林,2022-05-11,58.6,43
"		156",堡林,2022-05-12,63.9,51
"		156",堡林,2022-05-13,68.9,43
"		156",堡林,2022-05-14,41.5,21
"		156",堡林,2022-05-15,38.9,21
"		156",堡林,2022-05-16,40.9,19
"		156",堡林,2022-05-17,51.5,32
"		156",堡林,2022-05-18,43.6,22
"		156",堡林,2022-05-19,41.3,25
"		156",堡林,2022-05-20,60.1,44
"		156",堡林,2022-05-21,69.6,40
"		156",堡林,2022-05-22,70.5,36
"		156",堡林,2022-05-23,61,28
"		156",堡林,2022-05-24,52.8,26
"		156",堡林,2022-05-25,62.3,35
"		156",堡林,2022-05-26,58.3,25
"		156",堡林,2022-05-27,66,37
"		156",堡林,2022-05-28,61.1,17
"		156",堡林,2022-05-29,67.4,37
"		156",堡林,2022-05-30,92,70
"		156",堡林,2022-05-31,47.9,25
"		156",堡林,2022-06-01,45.3,13
"		156",堡林,2022-06-02,75,39
"		156",堡林,2022-06-03,64.4,31
"		156",堡林,2022-06-04,49.6,27
"		156",堡林,2022-06-05,94,52
"		156",堡林,2022-06-06,86.8,60
"		156",堡林,2022-06-07,87.9,59
"		156",堡林,2022-06-08,85.3,61
"		156",堡林,2022-06-09,77,46
"		156",堡林,2022-06-10,72.3,46
"		156",堡林,2022-06-11,77.6,39
"		156",堡林,2022-06-12,85.6,53
"		156",堡林,2022-06-13,71,49
"		156",堡林,2022-06-14,91.6,72
"		156",堡林,2022-06-15,88.5,60
"		156",堡林,2022-06-16,72.6,44
"		156",堡林,2022-06-17,86.6,61
"		156",堡林,2022-06-18,82.6,58
"		156",堡林,2022-06-19,85.1,58
"		156",堡林,2022-06-20,85,50
"		156",堡林,2022-06-21,85.5,54
"		156",堡林,2022-06-22,80,52
"		156",堡林,2022-06-23,96,83
"		156",堡林,2022-06-24,95.1,74
"		156",堡林,2022-06-25,91.3,73
"		156",堡林,2022-06-26,91.4,74
"		156",堡林,2022-06-27,92.6,81
"		156",堡林,2022-06-28,87,73
"		156",堡林,2022-06-29,98.1,83
"		156",堡林,2022-06-30,93.4,78
"		156",堡林,2022-07-01,76.5,54
"		156",堡林,2022-07-02,76.6,45
"		156",堡林,2022-07-03,74.5,54
"		156",堡林,2022-07-04,91,68
"		156",堡林,2022-07-05,93.1,70
"		156",堡林,2022-07-06,84,59
"		156",堡林,2022-07-07,88.1,65
"		156",堡林,2022-07-08,96.5,77
"		156",堡林,2022-07-09,88.1,60
"		156",堡林,2022-07-10,85.5,56
"		156",堡林,2022-07-11,92.5,70
"		156",堡林,2022-07-12,91,73
"		156",堡林,2022-07-13,92.6,84
"		156",堡林,2022-07-14,88.9,69
"		156",堡林,2022-07-15,79.6,55
"		156",堡林,2022-07-16,80.4,53
"		156",堡林,2022-07-17,93.6,73
"		156",堡林,2022-07-18,99,92
"		156",堡林,2022-07-19,88,61
"		156",堡林,2022-07-20,81.6,43
"		156",堡林,2022-07-21,96,80
"		156",堡林,2022-07-22,88.1,60
"		156",堡林,2022-07-23,90.6,70
"		156",堡林,2022-07-24,99,99
"		156",堡林,2022-07-25,88.6,63
"		156",堡林,2022-07-26,86.6,64
"		156",堡林,2022-07-27,80,56
"		156",堡林,2022-07-28,79.3,53
"		156",堡林,2022-07-29,76.1,56
"		156",堡林,2022-07-30,84.1,71
"		156",堡林,2022-07-31,97.8,85
"		156",堡林,2022-08-01,98.4,91
"		156",堡林,2022-08-02,95.3,76
"		156",堡林,2022-08-03,97.3,86
"		156",堡林,2022-08-04,90.6,67
"		156",堡林,2022-08-05,93.3,74
"		156",堡林,2022-08-06,91.4,71
"		156",堡林,2022-08-07,89,66
"		156",堡林,2022-08-08,90.9,75
"		156",堡林,2022-08-09,91.1,76
"		156",堡林,2022-08-10,93.5,79
"		156",堡林,2022-08-11,99,96
"		156",堡林,2022-08-12,91.1,69
"		156",堡林,2022-08-13,95.6,79
"		156",堡林,2022-08-14,89.1,64
"		156",堡林,2022-08-15,89.6,71
"		156",堡林,2022-08-16,98.9,98
"		156",堡林,2022-08-17,94,75
"		156",堡林,2022-08-18,83,52
"		156",堡林,2022-08-19,92.9,74
"		156",堡林,2022-08-20,98.4,89
"		156",堡林,2022-08-21,90.4,66
"		156",堡林,2022-08-22,81,52
"		156",堡林,2022-08-23,97.5,86
"		156",堡林,2022-08-24,89.3,65
"		156",堡林,2022-08-25,77.8,57
"		156",堡林,2022-08-26,71.3,49
"		156",堡林,2022-08-27,75.5,41
"		156",堡林,2022-08-28,67,43
"		156",堡林,2022-08-29,88.4,75
"		156",堡林,2022-08-30,96.5,89
"		156",堡林,2022-08-31,92.9,67
"		156",堡林,2022-09-01,94.1,76
"		156",堡林,2022-09-02,88.3,74
"		156",堡林,2022-09-03,86.8,69
"		156",堡林,2022-09-04,89.4,66
"		156",堡林,2022-09-05,99,98
"		156",堡林,2022-09-06,89.8,63
"		156",堡林,2022-09-07,77.6,40
"		156",堡林,2022-09-08,73.9,39
"		156",堡林,2022-09-09,74.8,39
"		156",堡林,2022-09-10,85,62
"		156",堡林,2022-09-11,81.8,58
"		156",堡林,2022-09-12,98.9,96
"		156",堡林,2022-09-13,90,65
"		156",堡林,2022-09-14,68.4,61
"		156",堡林,2022-09-15,72.5,56
"		156",堡林,2022-09-16,82.5,59
"		156",堡林,2022-09-17,75.8,43
"		156",堡林,2022-09-18,71,49
"		156",堡林,2022-09-19,66.3,58
"		156",堡林,2022-09-20,62.5,44
"		156",堡林,2022-09-21,61.5,33
"		156",堡林,2022-09-22,60.6,36
"		156",堡林,2022-09-23,69.1,48
"		156",堡林,2022-09-24,59.3,28
"		156",堡林,2022-09-25,64.3,40
"		156",堡林,2022-09-26,71.8,48
"		156",堡林,2022-09-27,68.5,31
"		156",堡林,2022-09-28,76.8,53
"		156",堡林,2022-09-29,67.5,33
"		156",堡林,2022-09-30,66.9,29
"		156",堡林,2022-10-01,64.1,32
"		156",堡林,2022-10-02,67.6,30
"		156",堡林,2022-10-03,79.6,60
"		156",堡林,2022-10-04,86.1,67
"		156",堡林,2022-10-05,63.5,37
"		156",堡林,2022-10-06,69.1,39
"		156",堡林,2022-10-07,61.3,39
"		156",堡林,2022-10-08,63.8,45
"		156",堡林,2022-10-09,88.9,58
"		156",堡林,2022-10-10,74.4,43
"		156",堡林,2022-10-11,66.5,41
"		156",堡林,2022-10-12,66.6,33
"		156",堡林,2022-10-13,67.5,39
"		156",堡林,2022-10-14,73.6,36
"		156",堡林,2022-10-15,76.9,31
"		156",堡林,2022-10-16,73.8,48
"		156",堡林,2022-10-17,47.1,19
"		156",堡林,2022-10-18,42.6,22
"		156",堡林,2022-10-19,56.8,27
"		156",堡林,2022-10-20,50.6,18
"		156",堡林,2022-10-21,71.9,48
"		156",堡林,2022-10-22,69.8,41
"		156",堡林,2022-10-23,62.8,38
"		156",堡林,2022-10-24,46.5,22
"		156",堡林,2022-10-25,46.3,24
"		156",堡林,2022-10-26,49,25
"		156",堡林,2022-10-27,56,25
"		156",堡林,2022-10-28,71.5,28
"		156",堡林,2022-10-29,66,34
"		156",堡林,2022-10-30,65,33
"		156",堡林,2022-10-31,65.9,35
"		156",堡林,2022-11-01,74.8,41
"		156",堡林,2022-11-02,65,26
"		156",堡林,2022-11-03,56.9,22
"		156",堡林,2022-11-04,43.9,21
"		156",堡林,2022-11-05,43.6,22
"		156",堡林,2022-11-06,62.1,35
"		156",堡林,2022-11-07,60.5,18
"		156",堡林,2022-11-08,65.4,36
"		156",堡林,2022-11-09,59.6,25
"		156",堡林,2022-11-10,50.6,27
"		156",堡林,2022-11-11,56.4,35
"		156",堡林,2022-11-12,79.6,55
"		156",堡林,2022-11-13,79.1,66
"		156",堡林,2022-11-14,70,41
"		156",堡林,2022-11-15,64.4,40
"		156",堡林,2022-11-16,62.4,26
"		156",堡林,2022-11-17,50.8,17
"		156",堡林,2022-11-18,50.9,17
"		156",堡林,2022-11-19,50.1,21
"		156",堡林,2022-11-20,77.9,53
"		156",堡林,2022-11-21,74.9,48
"		156",堡林,2022-11-22,78,54
"		156",堡林,2022-11-23,70.8,36
"		156",堡林,2022-11-24,60.9,31
"		156",堡林,2022-11-25,62.6,28
"		156",堡林,2022-11-26,52.4,21
"		156",堡林,2022-11-27,39.6,17
"		156",堡林,2022-11-28,87.4,50
"		156",堡林,2022-11-29,69.3,34
"		156",堡林,2022-11-30,49.3,40
"		156",堡林,2022-12-01,41.8,23
"		156",堡林,2022-12-02,43.6,29
"		156",堡林,2022-12-03,60.9,47
"		156",堡林,2022-12-04,36.1,15
"		156",堡林,2022-12-05,30,8
"		156",堡林,2022-12-06,44.4,27
"		156",堡林,2022-12-07,53.8,25
"		156",堡林,2022-12-08,55.1,27
"		156",堡林,2022-12-09,62.4,39
"		156",堡林,2022-12-10,66.3,43
"		156",堡林,2022-12-11,50.1,21
"		156",堡林,2022-12-12,66,38
"		156",堡林,2022-12-13,57.9,33
"		156",堡林,2022-12-14,63.9,42
"		156",堡林,2022-12-15,61.3,39
"		156",堡林,2022-12-16,39.9,9
"		156",堡林,2022-12-17,57.6,25
"		156",堡林,2022-12-18,72.8,48
"		156",堡林,2022-12-19,74.6,51
"		156",堡林,2022-12-20,74.4,50
"		156",堡林,2022-12-21,90.4,68
"		156",堡林,2022-12-22,78.4,60
"		156",堡林,2022-12-23,88.4,64
"		156",堡林,2022-12-24,75.8,53
"		156",堡林,2022-12-25,76.9,53
"		156",堡林,2022-12-26,78.8,56
"		156",堡林,2022-12-27,74.1,44
"		156",堡林,2022-12-28,75.4,53
"		156",堡林,2022-12-29,63.3,42
"		156",堡林,2022-12-30,70.4,44
"		156",堡林,2022-12-31,66.1,42
"		",,,,
"	",,,,
"	",,,,
